timestep,demand,raw_core_demand,active_vm_count
0,0.9895520349021891,113390.76934449645,875495
1,0.9880595220773815,113219.74531393277,875378
2,0.9857329197785741,112953.14465493204,874422
3,0.9847837372274912,112844.37974321489,870308
4,0.9878559789030787,113196.4217126314,871064
5,0.9809778289281508,112408.26839697378,866240
6,0.9859846294899809,112981.987562451,872351
7,0.9972635633432035,114274.41781563018,874893
8,0.9927892478035113,113761.71503352142,872964
9,0.9872793051479578,113130.34183158664,868548
10,0.9845878853555249,112821.93747271618,870776
11,0.9800464894951947,112301.54809212979,869351
12,0.9808756851472424,112396.56394739212,872655
13,0.9795662021859181,112246.51293926826,869156
14,0.9840016943745957,112754.76703198545,876873
15,0.9876924870192629,113177.687507826,877905
16,0.9948927829690289,114002.75488018781,883131
17,0.9944984949402554,113957.57421120928,880131
18,0.9886385608791551,113286.09620089742,879950
19,0.9943836526945788,113944.41467019352,882267
20,0.9888669291418785,113312.26445894827,886483
21,0.989957779467297,113437.26279483782,879208
22,0.9897539252019355,113413.90354624027,878824
23,0.9869265323869089,113089.91831329932,876753
24,0.985025277713196,112872.05737969675,875916
25,0.9827968717653792,112616.70884225499,874203
26,0.9810370282592015,112415.05192876974,871391
27,0.9851729464301674,112888.97843976728,871793
28,0.9888399522988468,113309.17323698322,872286
29,0.9881254100099386,113227.29527906816,870367
30,1.006924290037877,115381.42097837363,881290
31,1.0090263132301511,115622.28757107939,879991
32,1.0121489034616462,115980.09887984177,881583
33,1.0043836058835631,115090.28911187456,875603
34,1.0090737146264428,115627.71920135646,878255
35,0.9948027445451949,113992.43755902733,874245
36,1.0013678670787416,114744.7216923153,880719
37,0.9945975247846047,113968.92184108905,878793
38,0.995725696944018,114098.19681056708,881523
39,0.9973767618116065,114287.38899952765,879208
40,1.001619748687867,114773.58429724674,882803
41,1.00920149892441,115642.36174600858,886933
42,1.0014694594428801,114756.36295616288,886781
43,0.9993692430703774,114515.70340328597,884866
44,1.0049627496426992,115156.65202569141,886394
45,1.001547949771192,114765.35700437811,883379
46,1.001791639659233,114793.28093653309,883483
47,1.0001364014584782,114603.61053375277,881386
48,0.995683796010603,114093.39546722322,878582
49,1.0006954759658577,114667.67375253935,877521
50,1.0078863232269242,115491.65841874409,880583
51,1.0060673121946064,115283.22161792338,878577
52,1.0034070129729191,114978.3833024087,878967
53,0.9942648899270299,113930.80588449366,873464
54,0.9944304309680453,113949.77489808442,872284
55,0.9903126225744691,113477.92354990647,870245
56,0.9888847622215307,113314.30791553289,868309
57,0.9901073790566587,113454.4051096763,865605
58,0.9852423972231971,112896.93666588927,865009
59,0.974107469866154,111621.00782629571,858620
60,0.9757542635804602,111809.71059242697,860818
61,0.971017875151041,111266.97740712328,858914
62,0.9762173426442295,111862.77388718673,863174
63,0.9926044559820553,113740.54011187564,869369
64,0.9981819304787263,114379.65165110798,873828
65,1.0012753551493274,114734.12093714546,877334
66,1.0088342403872004,115600.27833188407,882379
67,1.0093381204756022,115658.01693366149,883009
68,1.0019412251543085,114810.42163633576,877615
69,0.9930579340528333,113792.5032482371,871312
70,0.9990602705894246,114480.29887064309,872465
71,0.9997834563768749,114563.16726960112,873052
72,1.000735315632865,114672.23889952815,873810
73,0.9920319794343798,113674.94118035608,868435
74,0.9940661037004088,113908.0273722208,870370
75,0.9983413850714189,114397.92323087662,871313
76,0.9895383926362009,113389.20610478651,867637
77,0.9849916681249492,112868.20612485189,864512
78,0.9922314636126034,113697.7996694936,868823
79,0.9999995476669832,114587.92873415253,872735
80,1.002552393201536,114880.45414865408,872167
81,0.9988173758585054,114452.46605393692,869352
82,0.9971855985519266,114265.4839876425,871477
83,0.993805084216035,113878.117676618,871092
84,0.9944892716561783,113956.51733371269,871681
85,0.9951938972947448,114037.25896269112,866775
86,0.9971260106812023,114258.65593386997,869353
87,0.9927182011288067,113753.57393854109,868583
88,1.0070076413529465,115390.97203724498,880785
89,0.9875945514832555,113166.46527252925,871419
90,0.9858906391680587,112971.2174012692,872137
91,0.9904081144855446,113488.865775157,869987
92,1.0000834679260093,114597.54498716292,874375
93,1.0030525074019565,114937.76122493268,875082
94,1.007899863040947,115493.20991869022,877134
95,1.0094653742523916,115672.59868696319,878368
96,0.9955237200876944,114075.05269047988,874774
97,0.9809546062236445,112405.60735416113,868640
98,1.0005315149812217,114648.8857944183,876977
99,0.9985276965631975,114419.27228847578,877707
100,0.9863740396400915,113026.60928516412,872912
101,0.9858981085504184,112972.07330270986,871876
102,0.9867838799255411,113073.57205582841,873324
103,0.9813073071803481,112446.02264453351,869149
104,0.9704323384888011,111199.8819434498,862182
105,0.9768589478822249,111936.29413572924,867468
106,0.9743388643654818,111647.52285468778,865778
107,0.9966135852108055,114199.93813402657,879840
108,1.0000085943273196,114588.96537269135,883907
109,1.000300816483222,114622.4505194129,886456
110,0.9996470333385966,114547.53482914211,886502
111,1.0081809074561863,115525.41423068184,891845
112,1.0147624995171582,116279.58557385836,895397
113,1.0150416091144185,116311.56817896504,894026
114,1.0211225442327228,117008.37025412486,901005
115,1.022892846438602,117211.22560888824,901284
116,0.9905370414680095,113503.63925771814,883599
117,0.977171376217058,111972.09466768938,874580
118,0.9789345449241654,112174.13260923413,876066
119,0.9787189274235583,112149.42543526484,875876
120,0.9735683760442806,111559.23415391159,875282
121,0.9724001250218848,111425.366628461,870747
122,0.9712905934104871,111298.2276417367,869452
123,0.966199327481817,110714.82976044551,867163
124,0.9591977669165496,109912.53507446042,863629
125,0.9562911510107862,109579.47182753775,860373
126,0.9549674695351371,109427.79384033039,858528
127,0.9552490167591237,109460.055768161,858956
128,0.9586364796407212,109848.2182990058,863711
129,0.9553781968728697,109474.85825652446,862130
130,0.945081500637339,108294.98062839263,858348
131,0.941280558931728,107859.43839409728,854692
132,0.9331584086547974,106928.73759600958,850350
133,0.928343003178223,106376.95000684209,848772
134,0.9291272198549303,106466.81181215221,850447
135,0.9308239674878903,106661.23869694337,851556
136,0.9362843304096855,107286.93065730979,859953
137,0.9389610630393954,107593.65204386358,860143
138,0.938168580466488,107502.8430662003,859946
139,0.9410058387789448,107827.95876656905,861265
140,0.9340218352126064,107027.67590163603,856584
141,0.9320888127138462,106806.1747571143,855764
142,0.9307285660670013,106650.30684078057,855592
143,0.9298454592456932,106549.11341350274,856096
144,0.9268305065380503,106203.63607123171,850942
145,0.9252877330931613,106026.8527777109,848677
146,0.9125985629804201,104572.82639943244,840368
147,0.9121696403041819,104523.67701614331,839278
148,0.9121438013060768,104520.71617753059,839569
149,0.9107549144678079,104361.56643949855,837173
150,0.9084541177462667,104097.92278948409,837042
151,0.9079736427239966,104042.86612696972,836513
152,0.9076580017844347,104006.69746912134,835325
153,0.9109522351279784,104384.17701547146,835682
154,0.9136660836249291,104695.15143429932,839164
155,0.9132641238229632,104649.09167232331,841615
156,0.9156211311227547,104919.17637898593,845191
157,0.9151536502684554,104865.60869193847,845925
158,0.9165491050630827,105025.51103882607,847902
159,0.9222055420769728,105673.67073344695,850516
160,0.922680738869546,105728.1225742794,852128
161,0.9275085344352558,106281.32991873995,854830
162,0.9279133279562461,106327.71439085648,855984
163,0.9226546707974463,105725.13548654024,852686
164,0.9223088804362488,105685.5120673514,854477
165,0.9228641758771077,105749.14225053697,852838
166,0.9246678291020837,105955.81923122847,852510
167,0.9227477438386852,105735.80053838095,850266
168,0.9214479564464796,105586.86052594286,848673
169,0.9194625330785597,105359.35487164422,845288
170,0.9161947304892875,104984.9039720509,840828
171,0.9162938877807384,104996.26620583667,840981
172,0.9174412870826357,105127.74437474401,843922
173,0.9133210227977895,104655.61161094494,839915
174,0.9121988714065634,104527.02654913493,839439
175,0.9110016478664045,104389.83912138194,839196
176,0.9129849207561426,104617.09835672849,838573
177,0.9109482938946313,104383.72539750127,833891
178,0.9124459150665315,104555.33478324232,836387
179,0.9149810036043582,104845.8254593481,839032
180,0.9168377201564888,105058.58285954036,843459
181,0.9182868711766329,105224.63814847394,847718
182,0.9204118323232259,105468.13315504341,851368
183,0.9210801272925065,105544.71172599576,851974
184,0.926603478754783,106177.62141601472,854043
185,0.9283501657124223,106377.77074717171,854622
186,0.9260603350464539,106115.38367532012,854413
187,0.9258342963982713,106089.48236309498,853334
188,0.927798348555303,106314.5391334957,858664
189,0.9280290964777698,106340.98007195098,852594
190,0.9270159941005662,106224.89071644054,856083
191,0.9221551107525242,105667.89190982112,849746
192,0.9217325126532556,105619.46724703486,849106
193,0.919251724227512,105335.1987111172,848372
194,0.9160852816924735,104972.3624554486,844603
195,0.9143276820919102,104770.9626665763,841786
196,0.9140412254133188,104738.13817425685,840646
197,0.9129067453829951,104608.14039858952,838750
198,0.9111581785658088,104407.77565812328,837556
199,0.9111329014069028,104404.8791995298,837928
200,0.9099190693910284,104265.78864008428,835645
201,0.9106677418219133,104351.5775020449,834634
202,0.9119467674992677,104498.1384715051,836192
203,0.9125464675934593,104566.85689424379,837852
204,0.9157402416719304,104932.82501628008,842604
205,0.9223835409767241,105694.06726791244,849129
206,0.9232933813314094,105798.32403679335,853103
207,0.9238276324826107,105859.54279732461,853372
208,0.9273448855813107,106262.57772704442,855828
209,0.9265937659681261,106176.50844740604,855014
210,0.9289037698090654,106441.20712263916,857239
211,0.9284231180213189,106386.13020492581,857418
212,0.9271897959286092,106244.80631693467,855339
213,0.9226714771036398,105727.06128722773,852671
214,0.9230254677397172,105767.62435935513,852538
215,0.9203612085219888,105462.33227589108,849033
216,0.9160316313534003,104966.21477143752,843738
217,0.9125597409564179,104568.37786210053,839336
218,0.9115265616496127,104449.98793177106,838635
219,0.9112439435537497,104417.6032948947,836811
220,0.9100812284214894,104284.37011591537,836130
221,0.9071466990343249,103948.10831952837,833802
222,0.908216817410486,104070.73102321933,834542
223,0.9070501713396736,103937.04740592958,833115
224,0.907622332678967,104002.6102183572,832380
225,0.9058736065998131,103802.22722838371,830198
226,0.9084324870791457,104095.4441750204,830786
227,0.906853270882308,103914.48498014752,829245
228,0.9077748905734002,104020.0915193997,830439
229,0.9034240242626137,103521.5345351337,824803
230,0.9016493652410371,103318.17994165786,824875
231,0.9039806495912946,103585.31710747918,826275
232,0.9054353040586699,103752.00302531713,827311
233,0.9036299161290566,103545.12726832437,826062
234,0.9039962961724384,103587.1100176152,828112
235,0.9040401115977782,103592.13073872254,827024
236,0.9050360617051504,103706.25465027089,826879
237,0.9029052421212737,103462.0883372038,822639
238,0.9022463359520208,103386.58560988658,823155
239,0.9012180966366296,103268.76174319725,823065
240,0.9013303448640255,103281.62404089667,824458
241,0.9004805048072252,103184.24258498376,822348
242,0.8998414784952203,103111.01785036254,820213
243,0.9003836105780042,103173.13967092882,820770
244,0.8999079077107399,103118.62984001951,820752
245,0.8991940257132881,103036.82754356903,819540
246,0.8996466291238456,103088.69045438214,819517
247,0.900577482526857,103195.35506603627,820013
248,0.9018887823906152,103345.6142693409,820471
249,0.9013908358314063,103288.55557869133,819344
250,0.900848510690405,103226.41163597377,818171
251,0.9025718659601609,103423.88743613301,819525
252,0.902712728884473,103440.02863416656,819880
253,0.9020756723062788,103367.02960736497,818653
254,0.8991270096848536,103029.14831220516,818539
255,0.9021936815302621,103380.55204602938,821255
256,0.9067826670131134,103906.39462535636,824835
257,0.9005204636882082,103188.82139246128,819021
258,0.8995839689609968,103081.51035285935,818893
259,0.9000395360978422,103133.71287108272,819581
260,0.9022778065169655,103390.19175837087,822614
261,0.9027147931290626,103440.26517178548,822897
262,0.9014785013133977,103298.60098923807,822797
263,0.9044345142894528,103637.32454669135,824594
264,0.9039007165845591,103576.15774565678,824316
265,0.9027944765806128,103449.39593758316,825236
266,0.9035955538341522,103541.18976234367,825409
267,0.9052775686119308,103733.92843901161,828738
268,0.9061828868475434,103837.66702740011,829644
269,0.9075316033877109,103992.21373209397,829150
270,0.9080509709824741,104051.72701594935,830413
271,0.90799994397488,104045.87993419482,829721
272,0.9081408722051375,104062.02861550477,829506
273,0.9091106249356634,104173.15062254417,828729
274,0.9108155427822763,104368.51371561861,831607
275,0.9113044720152532,104424.53912906516,834754
276,0.9127931208080582,104595.12038800481,838715
277,0.915742443881741,104933.07736305507,842599
278,0.9177826964383939,105166.86578336671,845319
279,0.9223249974324427,105687.35888139805,851209
280,0.9239225127632307,105870.41493707639,852121
281,0.9247168530642395,105961.43678805124,851718
282,0.9277870865914178,106313.24864779689,854109
283,0.9301177904333755,106580.31929434442,855923
284,0.9269466448082608,106216.94412108157,853767
285,0.9249753288241652,105991.05500340642,851310
286,0.9238055683581965,105857.01451386503,850696
287,0.9254348468897698,106043.71025057769,851843
288,0.923719035380291,105847.09887467447,849084
289,0.9191952971469,105328.73284590062,845431
290,0.9162877442870041,104995.56223529603,841609
291,0.9152946158243677,104881.76165031982,839864
292,0.9129511323875654,104613.2266158066,837741
293,0.9127313917597576,104588.04698101777,836754
294,0.9129334459511349,104611.19996277262,837659
295,0.9111133847577049,104402.64282611078,835775
296,0.9118043095010469,104481.81449717347,834534
297,0.9112292533863701,104415.9199782805,832731
298,0.9145954212903781,104801.64236064712,834296
299,0.9152976479498925,104882.10909546055,836523
300,0.9136473478948174,104693.0045448214,839713
301,0.9163096679245196,104998.0744206456,844478
302,0.9172875132309949,105110.12373962061,846457
303,0.9200325224717645,105424.66880515563,850832
304,0.9254069238703272,106040.51060816845,854628
305,0.9265221078401227,106168.29728722697,855038
306,0.9287078611146167,106418.75834096693,856238
307,0.929091445073219,106462.71245216072,857225
308,0.9263251853735358,106145.73233945269,855001
309,0.9225923666609982,105717.99618136373,852182
310,0.9214313911978431,105584.96234755403,851819
311,0.9187331547950248,105275.77688706519,850117
312,0.914989880703013,104846.84266815624,846880
313,0.9161578963624132,104980.68322383646,845746
314,0.9188483175104016,105288.97315005673,848443
315,0.9214975777628761,105592.54653238176,848240
316,0.9180582200851164,105198.43748164283,844162
317,0.9174919369958621,105133.54824601646,843314
318,0.9183127767402423,105227.60661469336,845632
319,0.9179877258710761,105190.35969201438,844218
320,0.9171312841177255,105092.22176102544,843323
321,0.9156758255937155,104925.44370796146,840820
322,0.9164333422235673,105012.2460088214,843348
323,0.9177124467149205,105158.81600941856,845729
324,0.9216645797064789,105611.68294784981,849790
325,0.9253102207594215,106029.4295939753,852935
326,0.9250356848288973,105997.97107610371,855682
327,0.9260025156327603,106108.75826546745,859261
328,0.9302272243814481,106592.85910945943,861532
329,0.9295699861580734,106517.54750869209,860797
330,0.940190103681596,107734.48532908697,863929
331,0.937794695478865,107460.0003405046,863668
332,0.9411098732584647,107839.87986748648,865534
333,0.9443134084843646,108206.96649969465,867094
334,0.9414992533186747,107884.49814225864,865329
335,0.9376951620670164,107448.59500784203,863144
336,0.9254793252802617,106048.80693952297,846598
337,0.9177670083462035,105165.06811656368,836599
338,0.9129010647359554,104607.48946471693,829806
339,0.9091717585949731,104180.15580510908,825510
340,0.906812134628201,103909.77125986134,822577
341,0.9048516221817132,103685.12009774365,819619
342,0.9029846423601395,103471.1866502319,816920
343,0.9009865110216931,103242.22481525353,814314
344,0.8995511555238207,103077.7503273579,812458
345,0.898384967041228,102944.1191441782,810692
346,0.8972933982478776,102819.0384804992,809257
347,0.8963010115116359,102705.32288845272,808420
348,0.8951986019542358,102579.0000035135,807273
349,0.8946615513430933,102517.4604585209,806618
350,0.8940879607582763,102451.733871735,805725
351,0.8924555590953033,102264.6802617022,804768
352,0.8921406798835394,102228.59888870394,804354
353,0.8905981022729901,102051.83803544466,801562
354,0.8901693892066525,102002.71267093073,800936
355,0.8895405903451586,101930.65987920991,800285
356,0.8888403737803947,101850.4234770947,799554
357,0.8839119346699269,101285.6835920833,797087
358,0.8817924945381962,101042.82122745758,795383
359,0.8807649732572439,100925.07963888458,794390
360,0.880255220681732,100866.66812066831,793525
361,0.8796450040394096,100796.74462791678,792732
362,0.8790839364104897,100732.45302135784,792191
363,0.8785902960226715,100675.8877661919,791464
364,0.8776393064786285,100566.91579480056,790643
365,0.8767643718637128,100466.65880415,789660
366,0.8763257071206288,100416.39309709448,789099
367,0.8750254801662138,100267.40271611048,786519
368,0.8723883790405804,99965.22262357561,784732
369,0.871951832379388,99915.1996232467,784307
370,0.871507611178752,99864.29721294118,783804
371,0.8706219427839078,99762.8102601248,783228
372,0.8703030492326094,99726.26889206596,782714
373,0.8699118689836735,99681.44433730305,782415
374,0.8696384228960501,99650.1107023286,782083
375,0.8692202750389488,99602.19598380533,781495
376,0.8686269823007415,99534.21176704964,781041
377,0.8675493003658726,99410.72237044046,780129
378,0.8670990185326014,99359.12548448032,779721
379,0.8667932410924912,99324.08706511543,779195
380,0.8664591833510689,99285.80806313337,778564
381,0.8659349045619563,99225.73201543534,777465
382,0.865543786140458,99180.91454535366,776833
383,0.8647336202693331,99088.07927425789,776134
384,0.8643161430797237,99040.24140616815,775564
385,0.8636718236270384,98966.4101412455,774848
386,0.8632796586422784,98921.47274759313,774390
387,0.8629765685322661,98886.74226395726,773933
388,0.862720242315325,98857.37036039184,773628
389,0.8624918878540895,98831.2036838256,773251
390,0.8622039928165204,98798.21437285557,772757
391,0.8619901817093651,98773.71418986405,772414
392,0.8614570757234673,98712.62665151233,771456
393,0.8612802590749169,98692.36558882448,771279
394,0.8610325917534721,98663.98589060792,771124
395,0.8608360317106682,98641.46247224303,770927
396,0.8607505592915653,98631.66836034393,770840
397,0.8606195230830344,98616.65318582734,770634
398,0.8605401863432051,98607.5621490256,770475
399,0.8601927375921871,98567.74869829624,770191
400,0.8600883318444149,98555.78505449953,769988
401,0.8598109470004954,98524.00008539516,769396
402,0.8594314299717066,98480.51199547581,768620
403,0.8590431509049707,98436.01988132247,767724
404,0.8586793242088574,98394.32971493881,766970
405,0.8584705592677673,98370.4077619263,766619
406,0.8580882540617202,98326.60018040547,766312
407,0.8579498488577715,98310.74060758515,766011
408,0.8576081233510275,98271.58297185943,765277
409,0.857416840377686,98249.66424222755,764976
410,0.8572869724013763,98234.78293308202,764688
411,0.857123352786324,98216.03409181218,764463
412,0.8569553908994896,98196.78767838776,764141
413,0.8566000266843898,98156.06721061403,763790
414,0.8564593344230285,98139.94556850335,763654
415,0.8561771330136324,98107.60867888776,763287
416,0.8560301580693658,98090.76711683044,763110
417,0.8551546378603692,97990.44302413672,762597
418,0.8545681485216908,97923.23839519403,762211
419,0.8543896712491188,97902.78704495306,762002
420,0.8541295623399503,97872.9816903242,761811
421,0.8539485181706532,97852.23620457118,761628
422,0.8536864790059769,97822.20966586171,761300
423,0.8535702315367426,97808.88910311622,761094
424,0.8533433441852651,97782.89053969443,760888
425,0.8532383992411339,97770.86511047582,760761
426,0.8530666973878289,97751.19014184615,760649
427,0.8530215629479291,97746.01827752404,760598
428,0.8529152214787117,97733.83282331598,760454
429,0.8527594856829716,97715.98737298028,760290
430,0.8526104566955415,97698.91044226485,760155
431,0.8525563093394329,97692.70580607539,760085
432,0.8524962184021864,97685.82010692598,759979
433,0.8523547025706172,97669.60409356834,759812
434,0.8522315601829532,97655.49345604384,759375
435,0.8520394366611055,97633.47840965606,758768
436,0.8518749801619012,97614.63367152128,758233
437,0.8515757510293593,97580.34560949677,757960
438,0.851444933753167,97565.35552199473,757715
439,0.8512335368956694,97541.13198299607,757475
440,0.8510783408700616,97523.34838382978,757209
441,0.8509716568672968,97511.12367939427,757066
442,0.8508962869356765,97502.4871911345,756890
443,0.8508149269301567,97493.16431240313,756694
444,0.8507230764287537,97482.63934893337,756506
445,0.8505698208108899,97465.07809717197,756308
446,0.8498928731345415,97387.5080299903,756051
447,0.8497483860745454,97370.95154956741,755831
448,0.8495740202732376,97350.97132451576,755435
449,0.849215759772729,97309.91897724589,754910
450,0.8485570062990241,97234.43374700316,753693
451,0.8483353676588344,97209.03662280842,753400
452,0.8479571702283333,97165.699742992,753026
453,0.8475717374224918,97121.53377612671,752636
454,0.8463847304129983,96985.51703999107,751661
455,0.8461735711696863,96961.32072872209,751313
456,0.8460213583675784,96943.87897111224,751078
457,0.8457992369567771,96918.42652720802,750853
458,0.8455608451596017,96891.10969258618,750691
459,0.8454313672001155,96876.27307468084,750507
460,0.8452987734076473,96861.0794197663,750332
461,0.8450953981068806,96837.77505475444,750062
462,0.8448654135090347,96811.42158412597,749867
463,0.8436211157655711,96668.84001847955,749391
464,0.8434432499784674,96648.45873712354,749210
465,0.8432621527264729,96627.70716873142,749006
466,0.8432227717244667,96623.19457923886,748936
467,0.8426564495074993,96558.30086004686,748538
468,0.8424952290204059,96539.82693000494,748292
469,0.8424059642192251,96529.59825670201,748137
470,0.842337537484564,96521.75737536047,747989
471,0.8422646803888543,96513.40882789317,747869
472,0.8421789336801675,96503.58328570458,747679
473,0.8420362707942626,96487.235833707,747491
474,0.8418289469299706,96463.47901077462,747255
475,0.8415178642934339,96427.83267966472,746983
476,0.8402619666850195,96283.92190891874,746400
477,0.8398996592208754,96242.40582825844,745995
478,0.8396035806888626,96208.47878718613,745692
479,0.8389761389733758,96136.58150808558,745245
480,0.838257746253657,96054.26233707964,744785
481,0.8377785060695087,95999.34717217195,744467
482,0.8369663759710911,95906.28682423737,743917
483,0.8366975160647574,95875.4787105154,743698
484,0.836203519571379,95818.87264993244,743235
485,0.8360891346965639,95805.76551812007,743040
486,0.8358828383193369,95782.12643285553,742848
487,0.835626690156341,95752.77493213212,742573
488,0.8353211205248574,95717.7603251381,741951
489,0.8350218638844786,95683.4691110461,741632
490,0.8349251358935673,95672.38524590337,741522
491,0.8348572897916827,95664.61089809913,741413
492,0.834746179754334,95651.87902329871,741257
493,0.8345443687859054,95628.7539119704,741090
494,0.8344199458421743,95614.49653811216,740891
495,0.8341904474390653,95588.19877955677,740601
496,0.833920930933053,95557.31542740358,740327
497,0.8337336051883437,95535.85014860932,740097
498,0.8334376026941536,95501.93182055754,739805
499,0.833172972409916,95471.60837069013,739453
500,0.8330123777028843,95453.20614752176,739234
501,0.832861807331164,95435.95259269325,739033
502,0.8327238424705227,95420.14347792328,738782
503,0.832644472455004,95411.0486281275,738653
504,0.8324870428824898,95393.00909133171,738421
505,0.8322748737406231,95368.69705782678,738161
506,0.8321358877835107,95352.77093767421,737979
507,0.8320627626321765,95344.39167425425,737820
508,0.8319588676595946,95332.48655915512,737687
509,0.8317940293883616,95313.59807453452,737499
510,0.8315072889920538,95280.7410715749,737269
511,0.8313051473654391,95257.57807079278,736931
512,0.8311374565465025,95238.36271849136,736755
513,0.8310130101750065,95224.10266009286,736564
514,0.8309235087458811,95213.84687207159,736404
515,0.8307862197773586,95198.1152064146,736227
516,0.8306344444143782,95180.72357407099,735985
517,0.8305054752322366,95165.94525593413,735592
518,0.8303661748972001,95149.98311185012,735231
519,0.8302603481367389,95137.85663707902,735075
520,0.8301638589669635,95126.80013796796,734922
521,0.8300908674929868,95118.43619236643,734774
522,0.8299187228347531,95098.7104836142,734503
523,0.8296305035919037,95065.6840226158,734263
524,0.8292583469332443,95023.03934264579,733563
525,0.8290868705389438,95003.39020890815,733316
526,0.8286340902320456,94951.50702790059,732783
527,0.828431665214288,94928.3115538997,732542
528,0.8279524364615186,94873.39769889065,732177
529,0.8277980586505067,94855.70785728258,732020
530,0.827515735213774,94823.3569848009,731499
531,0.8273350606331459,94802.65384946711,731227
532,0.8272269628699992,94790.26714508442,731099
533,0.8270580818278715,94770.91540751111,730949
534,0.8269237977392456,94755.52806497332,730862
535,0.8268081470386677,94742.27588474304,730673
536,0.826716196038049,94731.73940527112,730541
537,0.8265653745534267,94714.45707592227,730395
538,0.8264219506263788,94698.02241775699,730144
539,0.826336924484949,94688.27944391522,730018
540,0.8262939602426653,94683.35625815539,729936
541,0.8262359011113032,94676.70337953918,729836
542,0.8261902543547499,94671.47280988634,729735
543,0.8260250900808745,94652.5469692813,729401
544,0.8258803529885669,94635.96183816076,729191
545,0.8257311143224907,94618.86088079272,728959
546,0.8254524484035812,94586.92911589229,728613
547,0.8251185184627965,94548.66475832721,728325
548,0.8241363324279015,94436.1180440484,727680
549,0.8235761896904913,94371.9324189398,727247
550,0.8229241229606322,94297.21340917093,726858
551,0.8228073736012579,94283.83533584783,726657
552,0.8226325636138645,94263.80421240965,726423
553,0.8225217612444236,94251.10759265347,726230
554,0.8224537211376783,94243.31101422403,726110
555,0.8223295086345782,94229.07775433274,725943
556,0.8222594899304394,94221.05445242362,725810
557,0.822108944526079,94203.80375855445,725554
558,0.8220849426804211,94201.05343553066,725495
559,0.8220116053845938,94192.64986290163,725393
560,0.8219203925383357,94182.19796704724,725289
561,0.8218590319573295,94175.16678198337,725169
562,0.8217591360101569,94163.71990713013,725034
563,0.8216417826525702,94150.2726228716,724873
564,0.8215777217360666,94142.93201181626,724792
565,0.8215122940399086,94135.43478424041,724707
566,0.8214590381610007,94129.3323006231,724635
567,0.8214064147787355,94123.30229351878,724559
568,0.8213249005512949,94113.96174280894,724449
569,0.8212593372011698,94106.44897091897,724365
570,0.8212154487883231,94101.41988632061,724277
571,0.8211441817700404,94093.25354261464,724188
572,0.8210689950381945,94084.63804684705,724103
573,0.8210097842234787,94077.85319916108,724047
574,0.8209893542389205,94075.51216848756,724020
575,0.8209137623933803,94066.85025155985,723928
576,0.8208207377383122,94056.19074419275,723825
577,0.820693730197416,94041.63720656477,723691
578,0.8205633108037466,94026.69271161755,723579
579,0.8204154992415292,94009.75528319874,723517
580,0.8203913529914076,94006.98841315907,723481
581,0.8203294161307948,93999.89119337885,723457
582,0.8202968075622903,93996.15464336476,723429
583,0.8201718249510345,93981.83313833507,723271
584,0.8201247934456534,93976.44389311048,723188
585,0.8200750106805617,93970.73938659162,723155
586,0.8200046600066814,93962.67804494021,723063
587,0.8199574234037577,93957.26529800238,722972
588,0.8199390017169733,93955.15439411515,722949
589,0.819916225846888,93952.54455315643,722917
590,0.8198894196972917,93949.47289060745,722864
591,0.8198511630674302,93945.08914064836,722817
592,0.819799185753724,93939.13316523551,722787
593,0.8197471034217371,93933.16515598995,722757
594,0.8197255275641515,93930.69282204025,722736
595,0.8197077648735912,93928.65743119952,722704
596,0.8196900427894682,93926.62669336844,722671
597,0.8196720374009077,93924.56349225398,722645
598,0.8196593995568258,93923.11534722193,722615
599,0.8196080110256295,93917.2268392079,722532
600,0.8195940066393383,93915.62210486372,722513
601,0.8195876454142794,93914.89318493029,722497
602,0.8195462494008975,93910.14969935337,722438
603,0.8195150234103077,93906.57157615051,722397
604,0.8194867123911911,93903.32747364217,722344
605,0.8194360882790396,93897.52655886278,722190
606,0.8193662420559595,93889.52302120987,722050
607,0.8192216870992078,93872.95876063488,721826
608,0.8191203919427423,93861.35155321436,721715
609,0.8191035093426434,93859.41701016233,721650
610,0.8190665268138794,93855.17925687502,721519
611,0.8190384534817723,93851.96239044111,721484
612,0.8190136520013794,93849.12043888785,721441
613,0.8189507362181377,93841.91104634045,721364
614,0.8189063534559633,93836.82531525094,721291
615,0.8188245966366311,93827.45696642615,721167
616,0.8187242309508189,93815.95626517081,720993
617,0.8186005767679334,93801.7869820654,720830
618,0.8185160257329177,93792.09844970818,720726
619,0.8183214650998755,93769.80413967022,720468
620,0.8165394159215238,93565.60272305345,719187
621,0.8162627837383148,93533.90399981996,718939
622,0.8161346012322391,93519.21582530484,718753
623,0.8158640042600721,93488.20866471693,718539
624,0.8157730974777648,93477.79184011258,718445
625,0.815532936219527,93450.27224652091,718219
626,0.8154920509916739,93445.58729082622,718150
627,0.8152888875902584,93422.3072069331,717938
628,0.8149105208134798,93378.95092206873,717571
629,0.814798107082893,93366.06965969289,717384
630,0.8137019074074964,93240.458352592,716888
631,0.8136574064459,93235.35907726943,716778
632,0.8134994722572185,93217.26171752607,716579
633,0.8134370102932581,93210.10432721366,716516
634,0.8133816316592689,93203.75860137833,716438
635,0.8133206162876041,93196.76697315577,716339
636,0.8132956728260518,93193.90875226815,716305
637,0.8132651178386456,93190.40751796507,716254
638,0.8089208811208906,92692.61020537649,714938
639,0.8088633871376172,92686.0220859385,714761
640,0.8088008761503114,92678.85907813994,714611
641,0.808733159041937,92671.09951144154,714445
642,0.8086150285069864,92657.56317199836,714184
643,0.808298047959106,92621.24101113802,713791
644,0.8081776754135301,92607.44776422488,713543
645,0.8045746103264876,92194.57981205253,712182
646,0.8044777463204642,92183.48036121277,712043
647,0.804000479083801,92128.79127237319,711814
648,0.8039242843583971,92120.06027265936,711721
649,0.8038405534734524,92110.46571964254,711631
650,0.8037270664065836,92097.46146582968,711563
651,0.8036767822182463,92091.6995022337,711493
652,0.8036072227140763,92083.72881912168,711348
653,0.8035676831692504,92079.19806252758,711278
654,0.8035301821047659,92074.90089127922,711234
655,0.803452642113602,92066.01574027864,711132
656,0.8033643689937231,92055.90070173345,710994
657,0.8032983341961598,92048.33390763358,710936
658,0.8032594598949451,92043.87937996147,710835
659,0.8032024308725778,92037.34453945475,710729
660,0.8030746949192815,92022.70753452084,710500
661,0.8029328372795151,92006.45235405213,710274
662,0.8027116624206193,91981.10837361928,709982
663,0.8025130130027395,91958.3455379838,709691
664,0.8022316027811706,91926.09930898357,709483
665,0.8021169542721286,91912.96196785754,709307
666,0.8019116439283113,91889.43587017019,709047
667,0.8017517628045813,91871.11541507133,708868
668,0.8015323148907333,91845.96932178404,708463
669,0.8013318562781919,91822.99917418585,708243
670,0.8012720894320617,91816.15061198299,708167
671,0.8010998959655602,91796.4193103899,707902
672,0.8009624358037934,91780.66802804476,707679
673,0.8008923285687706,91772.63458156043,707583
674,0.8007428946062817,91755.51124557083,707417
675,0.8006727426361269,91747.47267297807,707338
676,0.800638647909795,91743.56582713974,707290
677,0.8004667897368092,91723.87294615353,707105
678,0.8004099412794182,91717.35879622279,706966
679,0.7998347640177134,91651.4503953365,706696
680,0.7997782684198569,91644.97667886726,706573
681,0.7996942421789608,91635.34828160841,706478
682,0.7994363309024803,91605.7947492713,706254
683,0.7993825443592169,91599.6314578971,706172
684,0.799370093924015,91598.20478767017,706135
685,0.7993240050601589,91592.9235578343,706070
686,0.7992408305221536,91583.39275548975,705883
687,0.7986847714642675,91519.67507097112,705598
688,0.7985179639129983,91500.56093052801,705423
689,0.7983793125408061,91484.67314978578,705143
690,0.7982305549564537,91467.62731860095,704993
691,0.7976855444755436,91405.17566820612,704709
692,0.7975848545110087,91393.6378085068,704504
693,0.7975233590788336,91386.59117111981,704344
694,0.7969324619673449,91318.88146439199,704131
695,0.7966219032215549,91283.29516486479,703876
696,0.79576375734149,91184.96196143705,701693
697,0.7953751892930705,91140.43673345615,701253
698,0.795302291208739,91132.08348918546,701174
699,0.7952088218922565,91121.37302896485,701010
700,0.7951469929528796,91114.2881756611,700908
701,0.7951092931076691,91109.96822653078,700843
702,0.7950829956553667,91106.95485457742,700780
703,0.7949784577522462,91094.97606736622,700619
704,0.7949357268098547,91090.0796149699,700474
705,0.79485990785098,91081.39167358383,700344
706,0.79477015574184,91071.10716064592,700220
707,0.7947168676641266,91065.0009874325,700139
708,0.7946153602123956,91053.36945352623,699941
709,0.7943160403581869,91019.07099588912,699762
710,0.7931644547464384,90887.11312618991,699084
711,0.791970883051257,90750.34415597824,698301
712,0.7917160019205067,90721.13784192117,698107
713,0.7915429261508967,90701.30543899664,697935
714,0.7909070146248798,90628.43762141166,697401
715,0.7908422458004267,90621.01589261396,697266
716,0.7902841560164618,90557.06551129486,696815
717,0.7901880332781512,90546.05100082536,696617
718,0.7897186183408029,90492.26169110707,696149
719,0.7896291927867882,90482.01459746152,695993
